{
  "type": "panel",
  "name": "prediktor-opc-ua-dashboard",
  "id": "prediktor-opc-ua-dashboard",
  "info": {
    "description": "Wrapper for ua dashboards",
    "author": {
      "name": "Oddvar Grønning",
      "url": "www.prediktor.com"
    },
    "keywords": [
      "ua opc prediktor"
    ],
    "logos": {
      "small": "img/logo.svg",
      "large": "img/logo.svg"
    },
    "links": [
      {
        "name": "Website",
        "url": "https://github.com/grafana/simple-react-panel"
      },
      {
        "name": "License",
        "url": "https://github.com/grafana/simple-react-panel/blob/master/LICENSE"
      }
    ],
    "screenshots": [],
    "version": "1.0.0",
    "updated": "2021-06-10"
  },
  "dependencies": {
    "grafanaVersion": "7.0.x",
    "plugins": []
  }
}
